Method,Daily Fuel (USD),Daily CO2 (t),Social Cost (USD),Avg Hourly Imbalance (MW)
Vanilla DC-OPF,2941865.6111983326,79497.5971239266,9699161.366732093,0.0
CSO Macro (ω≈0.5),3397510.271743742,64745.094698942106,8900843.32115382,0.0
MARL Micro,3660673.8750722576,67895.43385987826,9431785.75316191,6.631732200427601e-13
