zone,zone_name,day_fuel_usd,day_co2_tons,day_pg_mwh
1,Thermal,1063543.7299060547,13952.1925344708,23199.204156933185
2,PV,898472.8993750857,20615.97711847893,28002.39518987426
3,Wind,1698657.2457911177,33327.26420692854,48535.86307888718
