dc_fuel_usd_per_day,ac_fuel_usd_per_day,day_fuel_delta_ac_minus_dc_usd,day_fuel_delta_pct,dc_co2_tons_per_day,ac_co2_tons_per_day,ac_losses_mw_mean,hours_both_solved
2941865.6111983326,3074927.6869166135,133062.07571828098,4.523050788308436,79497.5971239266,82122.21746333898,133.3648546449393,24
