zone,zone_name,cso_fuel_usd,cso_co2_tons,cso_pg_mwh,marl_fuel_usd,marl_co2_tons,marl_pg_mwh
1,Thermal,1025966.0781348892,22557.292473760263,32294.605039404058,1063543.729906055,13952.1925344708,23199.204156933185
2,PV,940547.253083532,24903.04176909684,32342.660219789803,898472.8993750857,20615.97711847893,28002.39518987426
3,Wind,1106811.9561618634,24925.98092801544,35100.19716650077,1698657.2457911177,33327.26420692854,48535.86307888718
