zone,zone_name,day_fuel_usd,day_co2_tons,day_pg_mwh
1,Thermal,1025966.0781348892,22557.292473760263,32294.605039404058
2,PV,940547.253083532,24903.041769096842,32342.660219789803
3,Wind,1106811.9561618634,24925.98092801544,35100.19716650077
